{"initial_reset_timestamp": 1692435938.304815, "timestamps": [1692435945.914177], "episode_lengths": [1635], "episode_rewards": [21.0], "episode_types": ["t"]}