{"initial_reset_timestamp": 1692435848.6707568, "timestamps": [1692435857.6861784], "episode_lengths": [1906], "episode_rewards": [17.0], "episode_types": ["t"]}