{"initial_reset_timestamp": 1692436021.980612, "timestamps": [1692436029.63385], "episode_lengths": [1636], "episode_rewards": [21.0], "episode_types": ["t"]}