{"initial_reset_timestamp": 1692435915.236476, "timestamps": [1692435923.8856018], "episode_lengths": [1819], "episode_rewards": [18.0], "episode_types": ["t"]}