{"initial_reset_timestamp": 1692435691.4996223, "timestamps": [1692435699.1645837], "episode_lengths": [1635], "episode_rewards": [21.0], "episode_types": ["t"]}