{"initial_reset_timestamp": 1692435875.066253, "timestamps": [1692435883.7158678], "episode_lengths": [1854], "episode_rewards": [19.0], "episode_types": ["t"]}