{"initial_reset_timestamp": 1692435732.8131318, "timestamps": [1692435736.3950336], "episode_lengths": [762], "episode_rewards": [-21.0], "episode_types": ["t"]}