{"initial_reset_timestamp": 1692435765.62798, "timestamps": [1692435777.0100951], "episode_lengths": [2455], "episode_rewards": [11.0], "episode_types": ["t"]}