{"initial_reset_timestamp": 1691927480.5032146, "timestamps": [1691927481.3815641], "episode_lengths": [23], "episode_rewards": [23.0], "episode_types": ["t"]}