{"initial_reset_timestamp": 1692435999.06871, "timestamps": [1692436007.3046954], "episode_lengths": [1756], "episode_rewards": [21.0], "episode_types": ["t"]}