{"initial_reset_timestamp": 1692435792.8685043, "timestamps": [1692435804.5756571], "episode_lengths": [2479], "episode_rewards": [-19.0], "episode_types": ["t"]}