{"initial_reset_timestamp": 1692435964.0028555, "timestamps": [1692435971.85659], "episode_lengths": [1635], "episode_rewards": [21.0], "episode_types": ["t"]}