{"initial_reset_timestamp": 1692435823.775853, "timestamps": [1692435836.3801303], "episode_lengths": [2698], "episode_rewards": [6.0], "episode_types": ["t"]}